<?xml version="1.0"?>
<Resources>
	<Icons id="CommonIcons">
		<icon id="Text" path="{EC}_Resources/textures/icons/common/Text.png"/>
		<icon id="RasterSprite" path="{EC}_Resources/textures/icons/common/RasterSprite.png"/>
		<icon id="MovieClip" path="{EC}_Resources/textures/icons/common/MovieClip.png"/>
		<icon id="ParticleEffect" path="{EC}_Resources/textures/icons/common/ParticleEffect.png"/>
		<icon id="ScrollingContainer" path="{EC}_Resources/textures/icons/common/ScrollingContainer.png"/>
		<icon id="ScrollableFrame" path="{EC}_Resources/textures/icons/common/ScrollableFrame.png"/>
		<icon id="Pause" path="{EC}_Resources/textures/icons/common/Pause.png"/>
		<icon id="Play" path="{EC}_Resources/textures/icons/common/Play.png"/>
		<icon id="Stop" path="{EC}_Resources/textures/icons/common/Stop.png"/>
	</Icons>

	<Icons id="CommonToolbarIcons">
		<icon id="Update" path="{EC}_Resources/textures/icons/toolbar/Update.png"/>
		<icon id="Undo" path="{EC}_Resources/textures/icons/toolbar/Undo.png"/>
		<icon id="Redo" path="{EC}_Resources/textures/icons/toolbar/Redo.png"/>        
	</Icons>

	<Textures>
		<texture id="TransparentBackground" path="{EC}_Resources/textures/transparent.png" />
	</Textures>
</Resources>
