<RasterizerSettings>
	<rasterizer_win value="../rasterizer3_win/rasterizer3.exe"/>
	<rasterizer_mac value="../rasterizer3_mac/rasterizer.tar.gz"/>
	<main_options value="-i %file_name% /outname %output_name% -at %at_name% -D %convert_directory% -f %fonts_dir% -pf %fonts_json%"/>
	<working_dir value=""/>
	<result_extension value="swl"/>
	<extra_options value="-d -ads -aw 4096 -ah 4096 -U . -cs ui --swlversion 4.4 -a &quot;&quot; -B %convert_directory%"/>
	<fonts_json value="font/fonts.json"/>
	<fonts_dir value="font"/>
</RasterizerSettings>