<?xml version="1.0"?>
<Resources>
	<Icons id="FlashViewerControlIcons">
		<icon id="Pause" path="textures/icons/control/Pause.png"/>
		<icon id="Play" path="textures/icons/control/Play.png"/>
		<icon id="StepForward" path="textures/icons/control/StepForward.png"/>
		<icon id="StepBackward" path="textures/icons/control/StepBackward.png"/>
		<icon id="RewindEnd" path="textures/icons/control/RewindEnd.png"/>
		<icon id="RewindBegin" path="textures/icons/control/RewindBegin.png"/>
		<icon id="Stop" path="textures/icons/control/Stop.png"/>
		<icon id="PlaybackLoop" path="textures/icons/control/PlaybackLoop.png"/>
		<icon id="PlaybackOnceFirstFrame" path="textures/icons/control/PlaybackOnceFirstFrame.png"/>
		<icon id="PlaybackOnceLastFrame" path="textures/icons/control/PlaybackOnceLastFrame.png"/>
		<icon id="PlaybackPingPong" path="textures/icons/control/PlaybackPingPong.png"/>
	</Icons>
	<FreeTypeFonts group="TestGroup" upload="false">
		<font name="Arial" family="Ubuntu-B" size="12" color="255;255;255;255" letterSpacing="0">
			<Effect alpha="0.1" type="shadow" blurX="2" blurY="2" strength="50" angle="0" inner="false" color="0;0;0;255" offset="0"/>
		</font>
		<font name="Ubuntu" family="Ubuntu-B" size="60" letterSpacing="0" color="#884A00">
			<Effect alpha="0.3" type="shadow" blurX="10" blurY="10" strength="3" angle="0" inner="false" color="0;0;0;255" offset="0"/>
		</font>
		<font name="BoneLabels" family="Ubuntu-B" size="12" color="255;255;255;255" letterSpacing="0">
		</font>
	</FreeTypeFonts>

</Resources>
