<?xml version="1.0" encoding="utf-8" ?>
<texts lang="en">
	<p id="MenuFile">File</p>
	<p id="MenuFileOpen">Open</p>
	<p id="MenuFileOpenVso">Open in VSO</p>
	<p id="MenuFileOpenTopRecent">Open top recent</p>
	<p id="MenuFileClose">Close</p>
	<p id="MenuFontStyleEditor">Font Style Editor</p>
	<p id="MenuOpenScene">VSO scene</p>
	<p id="MenuFileExit">Exit</p>
	<p id="MenuFileOneApplicationInstance">Allow one application instance</p>
	
	<p id="MenuFileRecent">Open recent</p>
	<p id="MenuFileRasterizationSettings">Rasterization settings</p>
	<p id="MenuEmptyLabel">empty</p>
	<p id="MenuRecentClear">Clear</p>

	<p id="ErrorUnknownFileFormat">Unknown file format</p>
	<p id="ErrorFileParseError">File parse error</p>
	<p id="ErrorUnknownXmlFileTag">Unknown xml-file tag: "%s"</p>
	<p id="ErrorCantReadXmlFileTag">Can't read xml-file tag. Probably file is broken or has incorrect format</p>
	<p id="ErrorFileNotFound">File not found or no read permission</p>
	<p id="ErrorOpenFileMessage">Can't open file:&#10;"%1%"&#10;%2%</p>
	<p id="ErrorOpenRasterizerSettingsFileMessage">Can't open rasterizer settings file:&#10;"%1%"&#10;</p>
	<p id="ErrorFileEmpty">The size of the file is 0</p>
	<p id="ErrorReadContents">Couldn't read file contents</p>
	<p id="ErrorRasterizerUnsupportedMacOsVersion">Opening swf is not supported on MacOS version 10.11 and lower. Current version: %1%</p>
	<p id="ErrorConvertionMessage">Converting failed</p>
	<p id="ErrorOpenMetaAnimationMessage">Cannot open meta-animation file - "models/meta_skeleton.xml.bin"</p>
	<p id="ErrorUnsupportedSwlVersion">Версия SWL не поддерживается</p>

	<p id="MenuSWL">SWL</p>
	<p id="MenuSwlOpenFolder">Open folder with SWL</p>
	<p id="MenuSwlOrigin">Origin</p>
	<p id="MenuSwlBoundingBox">Bounding box</p>
	<p id="MenuSwlTextMetrics">Text metrics</p>
	<p id="MenuSwlRecursiveView">View for full hierarchy</p>
	<p id="MenuSwlFileInfo">File Info window</p>
	<p id="MenuSwlAtlas">Texture atlas window</p>
	<p id="MenuSwlSelectedObjectInfo">Objects info window</p>

	<p id="OpenLog">Open log</p>
	<p id="LabelOrigin">Origin</p>
	<p id="LabelScale">Scale</p>
	<p id="LabelHorizontalFlip">Horizontal flip</p>
	<p id="LabelFlip">Flip</p>
	<p id="LabelFPS">FPS</p>
	<p id="LabelFPSDefault">Default</p>
	<p id="LabelFrame">Frame</p>
	<p id="PlayerTooltip">Keys:&#10;Play/Pause - Space&#10;Stop - S&#10;Step Backward/Forward - Ctrl+Left/Right&#10;Rewind Start/End - Ctrl+Up/Down</p>
	<p id="LabelSelectedClip">Selected object</p>
	<p id="LabelName">Name</p>
	<p id="LabelVisible">Visible</p>
	<p id="LabelLooping">Looping</p>
	<p id="LabelPosition">Position</p>
	<p id="LabelPositionGlob">Position (glob)</p>
	<p id="LabelRotation">Rotation</p>
	<p id="LabelShear">Shear</p>
	<p id="LabelWidth">Width</p>
	<p id="LabelHeight">Height</p>
	<p id="LabelWidthGlob">Width (glob)</p>
	<p id="LabelHeightGlob">Height (glob)</p>
	<p id="LabelStart">Start</p>
	<p id="LabelLoopStart">First frame</p>
	<p id="LabelLoopEnd">Last frame</p>
	<p id="LabelRoot">Root</p>
	<p id="LabelFlashText">Flash Text</p>
	<p id="LabelMatrix">Transformation matrix</p>
	<p id="LabelLocalAdditionalParams">Position and size</p>
	<p id="LabelText">Text</p>
	<p id="LabelFont">Font</p>
	<p id="LabelSize">Size</p>
	<p id="LabelHAlign">HAlign</p>
	<p id="LabelVAlign">VAlign</p>
	<p id="LabelPrescale">Prescale</p>
	<p id="LabelSuggestFontSize">Suggest font size</p>
	<p id="LabelSpaceWidth">Space width</p>
	<p id="LabelLetterSpacing">Letter spacing</p>
	<p id="LabelLineInterval">Line interval</p>
	<p id="LabelBaseline">Baseline</p>
	<p id="LabelWordBreak">Word break</p>
	<p id="LabelBlendMode">Blend mode</p>

	<p id="FileInfoWindow">File info</p>
	<p id="LabelFrameSize">Average frame size</p>
	<p id="LabelStandard">Standard</p>
	<p id="LabelDeviation">Deviation</p>
	<p id="LabelFileName">File name</p>
	<p id="LabelLibrary">Library</p>
	<p id="LabelFrames">Frames</p>
	<p id="LabelSWLSize">SWL size</p>
	<p id="LabelObject">Object</p>
	<p id="LabelSwlId">Swl id</p>
	<p id="LabelType">Type</p>
	<p id="LabelCodec">Codec</p>
	<p id="LabelSizeInSWL">Size in SWL</p>
	<p id="LabelSWLself">SWL self</p>
	<p id="LabelRAM">RAM</p>
	<p id="LabelRAMself">RAM self</p>
	<p id="LabelUseCount">Use count</p>
	<p id="LabelFilter">Filter</p>
	<p id="LabelSWLObjectColor">Object color</p>
	<p id="LabelSWLFontColor">Font color</p>
	<p id="LabelSWLShowOnlySelected">Show only selected</p>

	<p id="RasterizerSuccess">Process finished successfully</p>
	<p id="RasterizerFailure">Process finished with error: %1%</p>
	<p id="ErrorProcessFinish">Failed to stop the process, error code: %1%</p>
	<p id="ErrorProcessNoExitCode">Can't get exit code</p>
	<p id="ErrorProcessExitCode">Exit with error code %1%</p>
	<p id="ErrorProcessCreate">Failed to create process</p>
	<p id="ErrorDeleteDir">Can't delete directory %1%</p>
	<p id="ErrorCreateDir">Can't create directory %1%</p>
	<p id="RasterizerErrorPrefix">Error: </p>
	<p id="RasterizerWindowTitle">Rasterization</p>

	<p id="SwlAtlasWindow">SWL Atlas</p>

	<p id="MenuPrevFile">Prev file</p>
	<p id="MenuNextFile">Next file</p>

	<p id="MenuModel">Model</p>
	<p id="SkeletonTypeDots">Dots</p>
	<p id="SkeletonTypeLines">Lines</p>
	<p id="SkeletonTypeCombined">Combined</p>
	<p id="MenuModelBoundingBox">Bounding box</p>
	<p id="MenuModelSkeleton">Show skeleton</p>
	<p id="MenuModelSkeletonLabels">Show skeleton labels</p>
	<p id="MenuModelSkeletonType">Skeleton type</p>
	<p id="MenuModelMultipleAnimations">Allow animation blending</p>
	<p id="MenuModelSyncAnimations">Synchronous animations</p>
	<p id="MenuModelMaterials">Show materials</p>
	<p id="MenuModelMetaAnimation">Open meta-animation</p>
	<p id="MenuModelCopyAnim">Copy animations</p>
	<p id="MenuModelPasteAnim">Paste animations</p>
	<p id="LabelModels">Models</p>
	<p id="LabelCamera">Camera</p>
	<p id="LabelGlobalPlayer">Global player</p>
	<p id="LabelCulling">Culling</p>
	<p id="LabelScaleCompensate">Scale Compensate</p>
	<p id="LabelAddParts">Add parts</p>
	<p id="LabelSpeed">Speed</p>
	<p id="LabelPositionSec">Position sec</p>
	<p id="LabelOnFinish">On Finish</p>
	<p id="ModelOnFinishStop">Stop</p>
	<p id="ModelOnFinishPause">Pause</p>
	<p id="ModelOnFinishLoop">Loop</p>
	<p id="ModelOnFinishPingPong">Ping-pong</p>
	<p id="LabelInversed">Inversed</p>

	<p id="MenuVSO">VSO</p>
	<p id="MenuVsoOpenInspector">Show Inspector Widget</p>
	<p id="MenuVsoOpenACE">Open Animation Clip Editor (ACE)</p>
	<p id="MenuVsoCompareAnim">Compare animations frame by frame</p>
	<p id="MenuVsoTestAnimJoints">Test animation joints</p>
	<p id="ErrorVsoSelectSceneObjectFirst">Select Scene Object First!</p>

	<p id="MenuView">View</p>
	<p id="MenuBackground">Background</p>
	<p id="MenuViews">Windows</p>
	<p id="MenuViewsResetCurrent">Reset current windows</p>
	<p id="MenuViewsResetAll">Reset all windows</p>
	<p id="MenuViewsOpenColorChooseUnderCursor">Open Color Choose under cursor</p>
	<p id="MenuViewsSaveColorChoosePosition">Save Color Choose position</p>
	<p id="MenuViewsResetColorChoosePosition">Reset Color Choose position</p>
	<p id="MenuViewColor">Color</p>
	<p id="MenuViewBackgroundTexture">Texture</p>
	<p id="MenuViewBackgroundTextureHide">Hide texture</p>
	<p id="MenuViewFormat">Format:</p>
	<p id="MenuViewSourceFormat">Source</p>
	<p id="ImageIsConverting">Сonverting...</p>

	<p id="DialogTitleOpen">Open file</p>
	<p id="DialogTitleOpenTexture">Open texture</p>
	<p id="DialogTitleSaveTexture">Save texture</p>
	<p id="DialogTitleOpenModel">Open model</p>
	<p id="DialogTitleRasterizationSettings">Select rasterization settings</p>
	
	<p id="MenuAtlas">Atlas</p>
	<p id="MenuAtlasFilterWindow">Filters window</p>
	<p id="MenuAtlasCopyPath">Copy sprite path</p>
	<p id="MenuSaveExaminedTexture">Save as png</p>
	<p id="MenuAtlasInfoWindow">Info window</p>
	<p id="AtlasMinAlphaLabel">min alpha</p>
	<p id="AtlasMaxAlphaLabel">max alpha</p>
	<p id="AtlasInvert">Invert result</p>
	<p id="AtlasShowOriginal">Show original texture</p>
	<p id="AtlasFadeLabel">fade</p>
	<p id="AtlasSizeLabel">Size: %dx%d</p>
	<p id="AtlasBkgLabel">Background:</p>
	<p id="AtlasBkgTransparent">Transparent</p>
	<p id="AtlasBkgOpaque">Opaque</p>
	<p id="AtlasBkgColor">Color...</p>
	<p id="AtlasInfo">Info</p>
	<p id="AtlasTexture">Texture:</p>
	<p id="AtlasSize">Size:</p>
	<p id="AtlasCompression">Compression:</p>
	<p id="AtlasPixelFormat">Pixel format:</p>
	<p id="AtlasCombined">Combined</p>
	<p id="AtlasColor">color: %s</p>
	<p id="AtlasAlpha">alpha: %s</p>
	<p id="AtlasHasAlpha">Has alpha:</p>
	<p id="AtlasHasAlphaYes">yes</p>
	<p id="AtlasHasAlphaNo">no</p>
	<p id="AtlasPrescaleX">Prescale X:</p>
	<p id="AtlasPrescaleY">Prescale Y:</p>
	<p id="AtlasSprite">Sprite:</p>
	<p id="AtlasPosition">Position:</p>
	<p id="AtlasType">Type:</p>
	<p id="AtlasTypePolygonal">Polygonal</p>
	<p id="AtlasTypeRectangle">Rectangle</p>
	<p id="AtlasTriangles">Triangles:</p>
	<p id="AtlasShowAllBounds">Show all bounds</p>
	<p id="AtlasFilterParams">Filter Params</p>
	<p id="AtlasFilterAlpha">Alpha</p>
	<p id="AtlasFilterContrast">Contrast</p>
	<p id="AtlasFilterBadTriangles">Bad Triangles</p>
	<p id="AtlasFilterOpacityMask">Opacity mask</p>
	<p id="AtlasFilterEnabled">Enabled</p>
	<p id="AtlasFilterNotSupportedFormat">Image format is not supported</p>
	<p id="AtlasWindow">Texture</p>
	<p id="AtlasSpritesList">Sprites list</p>
	<p id="AtlasUseAlpha">Use alpha in contrast</p>
	<p id="AtlasShowAlpha">Show source alpha</p>
	<p id="AtlasOpaquePixels">Opaque pixels condition:</p>
	<p id="AtlasTransparentPixels">Transparent pixels condition:</p>
	<p id="AtlasMinAmountLabel">min amount</p>
	<p id="AtlasMinRatioLabel">min ratio</p>
	<p id="AtlasAlphaLabel">alpha</p>
	<p id="AtlasAdjacentIsGood">Mark adjacents as good</p>
	<p id="AtlasHighlightBads">Highlight bad triangles</p>
	<p id="AtlasOpacityMaskInverted">Invert</p>
	<p id="AtlasOpacityMaskMissing">Opacity mask not found</p>
	<p id="AtlasColorTooltipLabel">Сolor tooltip</p>

	<p id="MaterialWindow">Materials</p>
	<p id="TextureNum">Texture %1%</p>

	<p id="FontStyles">Font Styles</p>
	<p id="FontNewStyle">New</p>
	<p id="FontStyleSettings">Font Style Settings</p>
	<p id="FontName">Name</p>
	<p id="FontFamily">Family</p>
	<p id="FontSize">Size</p>
	<p id="FontSpacing">Letter Spacing</p>
	<p id="FontSpaceWidth">Space width</p>
	<p id="FontLineInterval">Line Interval</p>
	<p id="FontBaseline">Baseline</p>
	<p id="FontXml">Xml</p>
	<p id="FontBaseStyles">Base Styles</p>
	<p id="FontEffects">Effects</p>
	<p id="FontUp">Up</p>
	<p id="FontDown">Down</p>
	<p id="FontEffectInner">Inner</p>
	<p id="FontEffectRadius">Radius</p>
	<p id="FontEffectAngle">Angle (deg)</p>
	<p id="FontEffectOffset">Offset (px)</p>
	<p id="FontEffectDistance">Distance (px)</p>
	<p id="FontEffectStrength">Strength</p>
	<p id="FontEffectPower">Power</p>
	<p id="FontEffectSpread">Spread (%)</p>
	<p id="FontEffectChoke">Choke (%)</p>
	<p id="FontEffectBlur">Blur</p>
	<p id="FontEffectSize">Size (px)</p>
	<p id="FontEffectOpacity">Opacity (%)</p>
	<p id="FontEffectBlendMode">Blend Mode</p>
	<p id="FontAnchorInvert">Invert</p>
	<p id="FontAnchorPosition">Position (%)</p>
	<p id="FontAnchors">Anchors</p>
	<p id="FontEffectDepth">Depth (%)</p>
	<p id="FontEffectDirectionUp">Direction Up</p>
	<p id="FontEffectDirectionDown">Direction Down</p>
	<p id="FontEffectSoften">Soften (px)</p>
	<p id="FontEffectAltitude">Altitude</p>
	<p id="FontEffectAltitudeDefault">20 deg</p>
	<p id="FontEffectType">Type</p>
	<p id="FontEffectLeft">Left (px)</p>
	<p id="FontEffectRight">Right (px)</p>
	<p id="FontEffectTop">Top (px)</p>
	<p id="FontEffectBottom">Bottom (px)</p>
	<p id="FontStructure">Structure</p>
	<p id="FontElements">Elements</p>
	<p id="FontShading">Shading</p>

	<p id="SceneViewWindowName">Scene view</p>
	<p id="FontViewWindowName">Font view</p>

</texts>

