﻿<?xml version="1.0" encoding="utf-8" ?>
<texts lang="en">
	<p id="MenuLanguage">Language</p>
	<p id="LocaleRussian">Русский</p>
	<p id="LocaleEnglish">English</p>

	<p id="Length">Length</p>
	<p id="Width">Width</p>
	<p id="Height">Height</p>
	<p id="Thickness">Thickness</p>
	<p id="Color">Color</p>

	<p id="Load">Load</p>
	<p id="Open">Open</p>
	<p id="Save">Save</p>
	<p id="SaveTitle">Save</p>
	<p id="ImportTitle">Import</p>
	<p id="SaveAs">Save as</p>
	<p id="DontSave">Don't save</p>
	<p id="Close">Close</p>
	<p id="Yes">Yes</p>
	<p id="No">No</p>
	<p id="OK">OK</p>
	<p id="Cancel">Cancel</p>
	<p id="Continue">Continue</p>
	<p id="Copy">Copy</p>
	<p id="Cut">Cut</p>
	<p id="Paste">Paste</p>
	<p id="Duplicate">Duplicate</p>
	<p id="Clone">Clone</p>
	<p id="SelectAll">Select all</p>
	<p id="Delete">Delete</p>
	<p id="Add">Add</p>
	<p id="Remove">Remove</p>
	<p id="Refresh">Refresh</p>
	<p id="Rename">Rename</p>
	<p id="Change">Change</p>
	<p id="Find">Find</p>
	<p id="PrevMatch">Previous match</p>
	<p id="NextMatch">Next match</p>

	<p id="MenuEdit">Edit</p>
	<p id="MenuEditUndo">Undo</p>
	<p id="MenuEditRedo">Redo</p>
	
	<p id="Message">Message</p>
	<p id="Error">Error</p>
	<p id="Warning">Warning</p>

	<p id="PlusMinus">±</p>
	
	<p id="SplineOffset">offset</p>
	<p id="SplineSimilar">Similarity</p>
	<p id="SplineTime">time</p>
	<p id="SplineValue">value</p>
	<p id="SplineUpperValue">upper value</p>
	<p id="SplineLowerValue">lower value</p>
	<p id="SplineLeftInclines">left inclines</p>
	<p id="SplineUpperLeftIncline">upper left incline</p>
	<p id="SplineLowerLeftIncline">lower left incline</p>
	<p id="SplineRightInclines">right inclines</p>
	<p id="SplineUpperRightIncline">upper right incline</p>
	<p id="SplineLowerRightIncline">lower right incline</p>
	<p id="SplineCurveMode">inclines type</p>
	<p id="SplineCurveModeFree">free</p>
	<p id="SplineCurveModeLinear">linear</p>
	<p id="SplineReset">Reset spline</p>
	<p id="SplineVerticalInvert">Invert keys vertically</p>
	<p id="SplineHorizontalInvert">Invert keys horizontally</p>
	<p id="SplineMatch">Match</p>
	<p id="SplineGradientMode">Show inclines</p>
	<p id="SplineDefaultSelectionMode">Dafault selection</p>
	<p id="SplineInteractiveSelectionMode">Interactive selection</p>
	<p id="SplineSymmetricalMode">Symmetrical mode</p>
	<p id="MenuSplineGradientMode">Show inclines</p>
	<p id="MenuSplineSymmetricalMode">Symmetrical mode</p>
	<p id="MenuSplineSelectNextKey">Select next key</p>
	<p id="MenuSplineSelectPrevKey">Select previous key</p>
	<p id="MenuSplineFitZoom">Fit zoom</p>

	<p id="ColorChooseDialogTitle">Choose color</p>

	<p id="MenuTheme">Theme</p>

	<p id="TreeEmptyNodeName">[empty]</p>
	<p id="TreeFilterLabel">Filter</p>
	
	<p id="MenuHelp">Help</p>
	<p id="MenuDebug">Debug</p>
	<p id="MenuPreferences">Preferences</p>
	<p id="MenuHelpDocumentation">Documentation</p>
	<p id="MenuHelpWhatsNew">What's new</p>
	<p id="MenuHelpLinks">Download links</p>
	<p id="MenuHelpOpenSettingsDirectory">Open settings directory</p>
	<p id="MenuPreferencesAutoUpdateOnStart">Аuto Update on Start</p>
	<p id="MenuPreferencesCheckUpdates">Check updates</p>

	<p id="Update_Failed">Failed</p>
	<p id="Update_InProgress">In progress...</p>
	<p id="Update_Finished">Done</p>
	<p id="Update_Revert">Rollback changes</p>
	<p id="Update_Download">Downloading</p>
	<p id="Update_MarkFiles">Marking old files</p>
	<p id="Update_ExtractArchive">Extracting archive</p>
	<p id="Update_Installation">Updating to version</p>
	<p id="Update_InstallationReinstall">Reinstalling vesion</p>
	<p id="Update_InstallationBroken">Installation is broken. Reinstall application</p>
	<p id="Update_CheckStarted">Check for update started</p>
	<p id="Update_Available">New version available</p>
	<p id="Update_AvailableManual">Newer version available</p>
	<p id="Update_NotAvailable">No updates</p>
	<p id="Update_NotAvailableManual">You are using the newest version</p>
	<p id="Update_DialogCaption">Update</p>
	<p id="Update_ButtonTooltip_UpdateAvailable">New version available: %1%%2%Press to update now</p>
	<p id="Update_ButtonUpdate">Update</p>
	<p id="Update_ButtonReinstall">Reinstall</p>
	<p id="Update_CloseAnotherInstanceThenRetry">Close other running instances of editor then retry</p>
	<p id="Update_OtherInstancesRunningCloseThem">Warning: close other running instances of the editor</p>

	<p id="NetworkError_BadRequest">Bad request</p>
	<p id="NetworkError_BadResponse">Bad response</p>
	<p id="NetworkError_ConnectionFailure">Connection failure</p>
	<p id="NetworkError_Timeout">Connection timed out</p>
	<p id="NetworkError_Unknown">Unknown failure</p>
	<p id="NetworkError_HostNotFound">Unable to connect to server (no VPN-connection?)</p>

	<p id="FileError_Read">File read error</p>
	<p id="FileError_Write">File write error</p>
	<p id="FileError_Delete">File delete error</p>
	<p id="FileError_NotFound">File not found</p>
	<p id="FileError_Parse">File parse error</p>
	<p id="FileError_Rename">File rename error</p>
	<p id="FileError_Extract">Archive extract error</p>
	<p id="FileError_Unknown">Unknown failure</p>

	<p id="DialogMessageLowerCaseExtensionHead">Only lower case extension is supported. Rename these files?</p>
	<p id="DialogMessageLowerCaseExtensionPart">&#10;%1% -> %2%</p>
</texts>

