﻿<?xml version="1.0" encoding="utf-8"?>
<application xmlns="http://ns.adobe.com/air/application/23.0">
  <id>com.playrix.swfextractor</id>
  <versionNumber>2.0.1</versionNumber>
  <filename>swfextractor</filename>
  <name>swfextractor</name>
  <initialWindow>
    <title>swfextractor</title>
    <content>swfextractor.swf</content>
    <systemChrome>none</systemChrome>
    <transparent>false</transparent>
    <visible>false</visible>
    <minimizable>true</minimizable>
    <maximizable>true</maximizable>
  </initialWindow>
  <!-- 
	More options:
	http://livedocs.adobe.com/flex/3/html/File_formats_1.html#1043413
	-->
  <allowBrowserInvocation>false</allowBrowserInvocation>
  <customUpdateUI>false</customUpdateUI>
  <android>
    <manifestAdditions><![CDATA[<manifest android:installLocation="auto" xmlns:android="http://schemas.android.com/apk/res/android" />]]></manifestAdditions>
  </android>
  <supportedProfiles>desktop extendedDesktop</supportedProfiles>
</application>