<?xml version="1.0"?>
<IconsGeneratorConfig>
	<Sources>
		<Source name="beta" path="beta.png"/>
		<Source name="main" path="source.png"/>
		<Source name="stickers" path="source_stickers.png"/>
		<Source name="notifications" path="source_notif.png"/>
		<Source name="foreground" path="source_fg.png"/>
		<Source name="background" path="source_bg.png"/>
	</Sources>
	<Styles>
		<Font name="GrilledCheese BTN.ttf" textColor="239 253 249" strokeColor="2 54 7" strokeWidth="0.004"/>
		<Label x="0.029" y="0.45" fontSize="0.488"/>
		<Version x="0.664" y="0.01" fontSize="0.195"/>
		<Corner radius="56"/>
	</Styles>
	<Groups>
		<Group name="ios" platform="ios" source="main">
			<Locations>
				<Location path="ios/Images.xcassets/AppIcon.appiconset"/>
				<Location path="ios/Images.xcassets/BetaAppIcon.appiconset" overlay="beta"/>
				<Location path="ios/Images.xcassets/EntAppIcon.appiconset" version="True" label="e"/>
				<Location path="ios/Images.xcassets/BetaEntAppIcon.appiconset" version="True" overlay="beta" label="e"/>
				<Location path="ios/Images.xcassets/DevAppIcon.appiconset" version="True" label="d"/>
				<Location path="ios/Images.xcassets/RelAppIcon.appiconset" version="True" label="i"/>
			</Locations>
			<Files>
				<File name="iphone_20x20_2x" size="40"/>
				<File name="iphone_20x20_3x" size="60"/>
				<File name="iphone_29x29_1x" size="29"/>
				<File name="iphone_29x29_2x" size="58"/>
				<File name="iphone_29x29_3x" size="87"/>
				<File name="iphone_40x40_2x" size="80"/>
				<File name="iphone_40x40_3x" size="120"/>
				<File name="iphone_57x57_1x" size="57"/>
				<File name="iphone_57x57_2x" size="114"/>
				<File name="iphone_60x60_2x" size="120"/>
				<File name="iphone_60x60_3x" size="180"/>
				<File name="ipad_20x20_1x" size="20"/>
				<File name="ipad_20x20_2x" size="40"/>
				<File name="ipad_29x29_1x" size="29"/>
				<File name="ipad_29x29_2x" size="58"/>
				<File name="ipad_40x40_1x" size="40"/>
				<File name="ipad_40x40_2x" size="80"/>
				<File name="ipad_50x50_1x" size="50"/>
				<File name="ipad_50x50_2x" size="100"/>
				<File name="ipad_72x72_1x" size="72"/>
				<File name="ipad_72x72_2x" size="144"/>
				<File name="ipad_76x76_1x" size="76"/>
				<File name="ipad_76x76_2x" size="152"/>
				<File name="ipad_83-5x83-5_2x" size="167"/>
				<File name="marketing_1024_1x" size="1024"/>
			</Files>
		</Group>
		<Group name="ios-stickers" platform="ios" source="stickers">
			<Locations>
				<Location path="stickers/Stickers.xcassets/iMessageAppIcon.stickersiconset"/>
			</Locations>
			<Files>
				<File name="27x20_x2" size="54 40"/>
				<File name="27x20_x3" size="81 60"/>
				<File name="32x24_x2" size="64 48"/>
				<File name="32x24_x3" size="96 72"/>
				<File name="60x45_x2" size="120 90"/>
				<File name="60x45_x3" size="180 135"/>
				<File name="67x50_x2" size="134 100"/>
				<File name="74x55_x2" size="148 110"/>
				<File name="1024x768" size="1024 768"/>
			</Files>
		</Group>
		<Group name="android" platform="android" source="main">
			<Locations>
				<Location path="android/app/src/main/res" mask="True" alpha="True"/>
			</Locations>
			<Files>
				<File name="mipmap-mdpi/ic_launcher" size="48"/>
				<File name="mipmap-hdpi/ic_launcher" size="72"/>
				<File name="mipmap-xhdpi/ic_launcher" size="96"/>
				<File name="mipmap-xxhdpi/ic_launcher" size="144"/>
				<File name="mipmap-xxxhdpi/ic_launcher" size="192"/>
				<File name="drawable-mdpi/ic_notif_large" size="64"/>
				<File name="drawable-hdpi/ic_notif_large" size="96"/>
				<File name="drawable-xhdpi/ic_notif_large" size="128"/>
				<File name="drawable-xxhdpi/ic_notif_large" size="192"/>
				<File name="drawable-xxxhdpi/ic_notif_large" size="256"/>
			</Files>
		</Group>
		<Group name="android-notifications" platform="android" source="notifications">
			<Locations>
				<Location path="android/app/src/main/res" alpha="True"/>
			</Locations>
			<Files>
				<File name="drawable-mdpi/ic_notif" size="24"/>
				<File name="drawable-hdpi/ic_notif" size="36"/>
				<File name="drawable-xhdpi/ic_notif" size="48"/>
				<File name="drawable-xxhdpi/ic_notif" size="72"/>
				<File name="drawable-xxxhdpi/ic_notif" size="96"/>
			</Files>
		</Group>
		<Group name="android-adaptive-foreground" platform="android" source="foreground">
			<Locations>
				<Location path="android/app/src/main/res" alpha="True"/>
			</Locations>
			<Files>
				<File name="mipmap-mdpi/fg" size="108"/>
				<File name="mipmap-hdpi/fg" size="162"/>
				<File name="mipmap-xhdpi/fg" size="216"/>
				<File name="mipmap-xxhdpi/fg" size="324"/>
				<File name="mipmap-xxxhdpi/fg" size="432"/>
			</Files>
		</Group>
		<Group name="android-adaptive-background" platform="android" source="background">
			<Locations>
				<Location path="android/app/src/main/res" alpha="True"/>
			</Locations>
			<Files>
				<File name="mipmap-mdpi/bg" size="108"/>
				<File name="mipmap-hdpi/bg" size="162"/>
				<File name="mipmap-xhdpi/bg" size="216"/>
				<File name="mipmap-xxhdpi/bg" size="324"/>
				<File name="mipmap-xxxhdpi/bg" size="432"/>
			</Files>
		</Group>
		<Group name="mac" platform="mac" source="main">
			<Locations>
				<Location path="mac/res/Images.xcassets/AppIcon.appiconset" alpha="True"/>
				<Location path="mac/res/Images.xcassets/DevAppIcon.appiconset" alpha="True" label="d"/>
				<Location path="mac/res/Images.xcassets/RelAppIcon.appiconset" alpha="True" label="i"/>
			</Locations>
			<Files>
				<File name="icon_16_1x" size="16"/>
				<File name="icon_16_2x" size="32"/>
				<File name="icon_32_1x" size="32"/>
				<File name="icon_32_2x" size="64"/>
				<File name="icon_128_1x" size="128"/>
				<File name="icon_128_2x" size="256"/>
				<File name="icon_256_1x" size="256"/>
				<File name="icon_256_2x" size="512"/>
				<File name="icon_512_1x" size="512"/>
				<File name="icon_512_2x" size="1024"/>
			</Files>
		</Group>
	</Groups>
</IconsGeneratorConfig>